turn,role,content
1,user,"Hi Lindra... I mostly just watched TV today and scrolled through old photos on my phone of when I used to go dancing with friends. (Nostalgia 0.8, Sadness 0.7, Loneliness 0.6)"
2,assistant,"Mmm, those memories of dancing with friends sound precious. Would you like to tell me more about what dancing meant to you?"
3,user,"*hesitating* Well... I used to feel so free when I danced - it was like nothing else mattered, you know? But now it just hurts to even think about those times. (Nostalgia 0.8, Sadness 0.7, Pain 0.6)"
4,assistant,I hear how much you miss that feeling of freedom through dance. Living with pain can make it so hard when cherished activities feel out of reach now.
5,user,"Yeah... sometimes I wonder if I'll ever feel that kind of joy again - it's like a part of me is just... gone. (Sadness 0.8, Nostalgia 0.7, Pain 0.6)"
6,assistant,"Those feelings of loss are so real and valid. But you know what? While dancing might look different now, we could explore ways to reconnect with that joyful spirit, even if in smaller ways."
7,user,"I don't know... even simple movements are so unpredictable now - I'm afraid to try anything and make things worse. (Fear 0.8, Doubt 0.7, Sadness 0.6)"
8,assistant,"That fear makes so much sense after experiencing pain. What if we started really small - maybe just gentle swaying to music while seated? No pressure, just exploring what feels safe for you."
9,user,"I suppose... that doesn't sound too scary... but what if even that makes tomorrow really bad? (Anxiety 0.8, Interest 0.3, Fear 0.7)"
10,assistant,"Your concern about pain flares is completely understandable. We could start with just 30 seconds of gentle movement, giving you full control to stop anytime. Would you feel comfortable trying that small first step?"
11,user,"*long pause* Maybe... but could you stay on the line with me if I try it? Just for those few seconds? (Anxiety 0.8, Hope 0.3, Fear 0.7)"
12,assistant,"Of course I'll stay with you. I'm honored you trust me to share this moment. Would you like to try those 30 seconds of gentle movement now, together?"
